Id,source,latitude,longitude,region,country,admin1,localityName,localityQuality,observationDate,reportingDate,status,disease,serotypes,speciesDescription,sumAtRisk,sumCases,sumDeaths,sumDestroyed,sumSlaughtered,humansGenderDesc,humansAge,humansAffected,humansDeaths
250062,OIE,49.950581,5.066939,Europe,Belgium,Region wallonne,Bièvre,Exact,12-03-19,27-03-19,Confirmed,Bluetongue,8,"domestic, cattle",171,4,,,,,,,
250061,OIE,49.933763,5.118068,Europe,Belgium,Region wallonne,Paliseul,Exact,11-03-19,27-03-19,Confirmed,Bluetongue,8,"domestic, cattle",56,1,,,,,,,
250060,OIE,49.958126,5.124224,Europe,Belgium,Region wallonne,Paliseul,Exact,07-03-19,27-03-19,Confirmed,Bluetongue,8,"domestic, cattle",447,1,,,,,,,
250059,OIE,49.964193,5.126567,Europe,Belgium,Region wallonne,Paliseul,Exact,14-02-19,27-03-19,Confirmed,Bluetongue,8,"domestic, cattle",111,2,,,,,,,
249299,OIE,48.37,8.44,Europe,Germany,Baden-Wuerttemberg,Loßburg,Exact,12-03-19,19-03-19,Confirmed,Bluetongue,8,"domestic, cattle",227,1,,,,,,,
249298,OIE,49.15,7.2,Europe,Germany,Saarland,Blieskastel,Exact,08-03-19,19-03-19,Confirmed,Bluetongue,8,"domestic, cattle",177,1,,,,,,,
249297,OIE,49.36,7.06,Europe,Germany,Saarland,Merchweiler,Exact,01-03-19,19-03-19,Confirmed,Bluetongue,8,"domestic, cattle",148,1,,,,,,,
249296,OIE,48.05,7.92,Europe,Germany,Baden-Wuerttemberg,Glottertal,Exact,27-02-19,19-03-19,Confirmed,Bluetongue,8,"domestic, cattle",64,1,,,,,,,
249295,OIE,47.83,8.11,Europe,Germany,Baden-Wuerttemberg,Schluchsee,Exact,26-02-19,19-03-19,Confirmed,Bluetongue,8,"domestic, cattle",33,1,,,,,,,
248871,OIE,30.48,30.17,Africa,Egypt,Behera,Wadi Elnatron,Exact,30-08-18,10-03-19,Confirmed,Bluetongue,4,"domestic, cattle",484,70,35,,,,,,
248870,OIE,37.7078,26.9367,Europe,Greece,Voreio Aigaio,SAMOS_11,Exact,26-02-19,12-03-19,Confirmed,Bluetongue,16,"domestic, sheep",40,6,6,,,,,,
248869,OIE,39.0183,26.49,Europe,Greece,Voreio Aigaio,LESVOS_12,Exact,22-02-19,12-03-19,Confirmed,Bluetongue,16,"domestic, cattle",16,3,,,,,,,
248868,OIE,39.0347,26.4522,Europe,Greece,Voreio Aigaio,LESVOS_10,Exact,11-02-19,12-03-19,Confirmed,Bluetongue,16,"domestic, sheep",75,1,,,,,,,
248867,OIE,39.2758,26.0689,Europe,Greece,Voreio Aigaio,LESVOS_9,Exact,07-02-19,12-03-19,Confirmed,Bluetongue,16,"domestic, sheep",307,1,,,,,,,
248815,OIE,38.97722,8.79565,Europe,Italy,Sardegna,"Teulada, (BTV3_2018_CA_126)",Exact,24-10-18,13-03-19,Confirmed,Bluetongue,3,"domestic, sheep, domestic, goat",270,6,6,6,,,,,
248814,OIE,38.97016,8.63393,Europe,Italy,Sardegna,"Teulada, (BTV3_2018_CA_128)",Exact,17-10-18,13-03-19,Confirmed,Bluetongue,3,"domestic, sheep, domestic, goat",260,6,2,,,,,,
248813,OIE,38.95742,8.663244,Europe,Italy,Sardegna,"Teulada, (BTV3_2018_CA_127)",Exact,17-10-18,13-03-19,Confirmed,Bluetongue,3,"domestic, sheep, domestic, goat",284,23,3,3,,,,,
248812,OIE,38.97414,8.71785,Europe,Italy,Sardegna,"Teulada, (BTV3_2018_CA_89)",Exact,11-10-18,13-03-19,Confirmed,Bluetongue,3,"domestic, sheep",360,21,20,20,,,,,
248528,OIE,48.72,8.24,Europe,Germany,Baden-Wuerttemberg,Baden-Baden,Exact,20-02-19,01-03-19,Confirmed,Bluetongue,8,"domestic, cattle",64,1,,,,,,,
248527,OIE,47.98,8.24,Europe,Germany,Baden-Wuerttemberg,Eisenbach,Exact,19-02-19,01-03-19,Confirmed,Bluetongue,8,"domestic, cattle",82,2,,,,,,,
248526,OIE,47.57,8.05,Europe,Germany,Baden-Wuerttemberg,Laufenburg,Exact,18-02-19,01-03-19,Confirmed,Bluetongue,8,"domestic, cattle",11,1,,,,,,,
248525,OIE,48.84,9.44,Europe,Germany,Baden-Wuerttemberg,Berglen,Exact,18-02-19,01-03-19,Confirmed,Bluetongue,8,"domestic, cattle",29,1,,,,,,,
248524,OIE,47.93,7.98,Europe,Germany,Baden-Wuerttemberg,Oberried,Exact,14-02-19,01-03-19,Confirmed,Bluetongue,8,"domestic, cattle",37,1,,,,,,,
248523,OIE,48.73,8.06,Europe,Germany,Baden-Wuerttemberg,Rheinmünster,Exact,13-02-19,01-03-19,Confirmed,Bluetongue,8,"domestic, cattle",22,2,,,,,,,
248522,OIE,48.74,8.75,Europe,Germany,Baden-Wuerttemberg,Althengstett,Exact,13-02-19,01-03-19,Confirmed,Bluetongue,8,"domestic, cattle",28,1,,,,,,,
247670,OIE,48.69,8.34,Europe,Germany,Baden-Wuerttemberg,Forbach,Exact,04-02-19,19-02-19,Confirmed,Bluetongue,8,"domestic, cattle",122,1,,,,,,,
247669,OIE,48.39,8.4,Europe,Germany,Baden-Wuerttemberg,Loßburg,Exact,30-01-19,19-02-19,Confirmed,Bluetongue,8,"domestic, cattle",18,1,,,,,,,
246290,OIE,47.41,7.16,Europe,Switzerland,Jura,Cornol,Exact,08-11-18,01-02-19,Confirmed,Bluetongue,8,"domestic, cattle",243,2,,,2,,,,
246289,OIE,47.35,7.34,Europe,Switzerland,Jura,Rossemaison,Exact,08-11-18,01-02-19,Confirmed,Bluetongue,8,"domestic, cattle",158,1,,,1,,,,
246288,OIE,47.27,7.13,Europe,Switzerland,Jura,Lajoux,Exact,08-11-18,01-02-19,Confirmed,Bluetongue,8,"domestic, cattle",103,1,,,1,,,,
246287,OIE,47.33,7.22,Europe,Switzerland,Jura,Bassecourt,Exact,01-11-18,01-02-19,Confirmed,Bluetongue,8,"domestic, cattle",112,1,,,1,,,,
246286,OIE,47.29,7.1,Europe,Switzerland,Jura,St-Brais,Exact,26-10-18,01-02-19,Confirmed,Bluetongue,8,"domestic, cattle",138,2,,,2,,,,
246285,OIE,47.33,7.2,Europe,Switzerland,Jura,Glovelier,Exact,25-10-18,01-02-19,Confirmed,Bluetongue,8,"domestic, cattle",24,1,,,1,,,,
246284,OIE,47.26,7.03,Europe,Switzerland,Jura,Le Bémont,Exact,25-10-18,01-02-19,Confirmed,Bluetongue,8,"domestic, cattle",33,1,,,1,,,,
246283,OIE,47.27,7.06,Europe,Switzerland,Jura,Montfaucon,Exact,25-10-18,01-02-19,Confirmed,Bluetongue,8,"domestic, cattle",22,1,,,1,,,,
246282,OIE,47.32,7.28,Europe,Switzerland,Jura,Courfaivre,Exact,25-10-18,01-02-19,Confirmed,Bluetongue,8,"domestic, cattle",28,1,,,1,,,,
246281,OIE,47.33,7.06,Europe,Switzerland,Jura,Epiquerez,Exact,24-10-18,01-02-19,Confirmed,Bluetongue,8,"domestic, cattle",120,1,,,1,,,,
246280,OIE,47.33,7.12,Europe,Switzerland,Jura,Epauvillers,Exact,24-10-18,01-02-19,Confirmed,Bluetongue,8,"domestic, cattle",68,1,,,1,,,,
246279,OIE,47.32,7.42,Europe,Switzerland,Jura,Rebeuvelier,Exact,24-10-18,01-02-19,Confirmed,Bluetongue,8,"domestic, cattle",130,1,,,1,,,,
246278,OIE,47.35,7.08,Europe,Switzerland,Jura,Ocourt,Exact,24-10-18,01-02-19,Confirmed,Bluetongue,8,"domestic, cattle",86,1,,,1,,,,
246277,OIE,47.33,7.06,Europe,Switzerland,Jura,Epiquerez,Exact,24-10-18,01-02-19,Confirmed,Bluetongue,8,"domestic, cattle",37,1,,,1,,,,
246276,OIE,47.23,7.49,Europe,Switzerland,Solothurn,Lommiswil,Exact,16-10-18,01-02-19,Confirmed,Bluetongue,8,"domestic, sheep",26,1,,1,,,,,
246254,OIE,48.77,8.44,Europe,Germany,Baden-Wuerttemberg,Bad Herrenalb,Exact,25-01-19,01-02-19,Confirmed,Bluetongue,8,"domestic, cattle",28,1,,,,,,,
246253,OIE,47.93,8.1,Europe,Germany,Baden-Wuerttemberg,Breitnau,Exact,22-01-19,01-02-19,Confirmed,Bluetongue,8,"domestic, cattle",10,1,,,,,,,
246252,OIE,47.23,7.49,Europe,Switzerland,Solothurn,Lommiswil,Exact,16-10-18,01-02-19,Confirmed,Bluetongue,8,"domestic, sheep",26,1,,1,,,,,
246120,OIE,47.23,7.49,Europe,Switzerland,Solothurn,Lommiswil,Exact,16-10-18,01-02-19,Confirmed,Bluetongue,8,"domestic, sheep",26,1,0,1,,,,,
246073,OIE,47.81,8.06,Europe,Germany,Baden-Wuerttemberg,Menzenschwand,Exact,24-01-19,25-01-19,Confirmed,Bluetongue,8,"domestic, cattle",68,2,,,,,,,
246072,OIE,47.57,8.43,Europe,Switzerland,Aargau,Hohentengen am Hochrhein,Exact,24-01-19,25-01-19,Confirmed,Bluetongue,8,"domestic, cattle",215,2,,,,,,,
246071,OIE,47.97,8.13,Europe,Germany,Baden-Wuerttemberg,Breitnau,Exact,21-01-19,25-01-19,Confirmed,Bluetongue,8,"domestic, cattle",20,1,,,,,,,
246070,OIE,47.85,7.86,Europe,Germany,Baden-Wuerttemberg,Münstertal/ Schwarzwald,Exact,21-01-19,25-01-19,Confirmed,Bluetongue,8,"domestic, cattle",51,1,,,,,,,
246069,OIE,49.37,7.54,Europe,Germany,Rheinland-Pfalz,Mittelbrunn,Exact,17-01-19,25-01-19,Confirmed,Bluetongue,8,"domestic, cattle",309,1,,,,,,,
246068,OIE,49.13,7.54,Europe,Germany,Rheinland-Pfalz,Trulben,Exact,15-01-19,25-01-19,Confirmed,Bluetongue,8,"domestic, cattle",70,5,,,,,,,
246052,OIE,39.3317,26.4192,Europe,Greece,Voreio Aigaio,LESVOS_8,Exact,28-01-19,29-01-19,Confirmed,Bluetongue,16,"domestic, cattle",91,1,,,,,,,
246051,OIE,39.0203,26.5467,Europe,Greece,Voreio Aigaio,LESVOS_7,Exact,23-01-19,29-01-19,Confirmed,Bluetongue,16,"domestic, cattle",9,2,,,,,,,
246050,OIE,39.0392,26.5492,Europe,Greece,Voreio Aigaio,LESVOS_6,Exact,23-01-19,29-01-19,Confirmed,Bluetongue,16,"domestic, cattle",16,3,,,,,,,
246049,OIE,39.3228,26.4025,Europe,Greece,Voreio Aigaio,LESVOS_5,Exact,22-01-19,29-01-19,Confirmed,Bluetongue,16,"domestic, cattle",27,5,,,,,,,
246048,OIE,39.3192,26.4058,Europe,Greece,Voreio Aigaio,LESVOS_4,Exact,22-01-19,29-01-19,Confirmed,Bluetongue,16,"domestic, goat, domestic, sheep",520,11,,,,,,,
245513,OIE,37.45,24.933333,Europe,Greece,Notio Aigaio,DODEKANISA_2,Centroid Locality,16-01-19,21-01-19,Confirmed,Bluetongue,16,"domestic, cattle, domestic, goat, domestic, sheep",379,1,,,,,0,,
245512,OIE,49.95,7.66,Europe,Germany,Rheinland-Pfalz,Seibersbach,Exact,18-01-19,18-01-19,Confirmed,Bluetongue,8,"domestic, cattle",358,10,,,,,,,
245511,OIE,49.37,7.54,Europe,Germany,Rheinland-Pfalz,Mittelbrunn,Exact,17-01-19,18-01-19,Confirmed,Bluetongue,8,"domestic, cattle",317,18,,,,,,,
245510,OIE,47.7,7.53,Europe,Germany,Baden-Wuerttemberg,Bad Bellingen,Exact,16-01-19,18-01-19,Confirmed,Bluetongue,8,"domestic, cattle",98,1,,,,,,,
245509,OIE,48.13,7.93,Europe,Germany,Baden-Wuerttemberg,Freiamt,Exact,16-01-19,18-01-19,Confirmed,Bluetongue,8,"domestic, cattle",35,1,,,,,,,
245508,OIE,48.13,8,Europe,Germany,Baden-Wuerttemberg,Gutach im Breisgau,Exact,16-01-19,18-01-19,Confirmed,Bluetongue,8,"domestic, cattle",285,4,,,,,,,
245507,OIE,48.14,7.97,Europe,Germany,Baden-Wuerttemberg,Gutach im Breisgau,Exact,16-01-19,18-01-19,Confirmed,Bluetongue,8,"domestic, cattle",16,1,,,,,,,
245506,OIE,47.95,7.82,Europe,Germany,Baden-Wuerttemberg,Au,Exact,14-01-19,18-01-19,Confirmed,Bluetongue,8,"domestic, cattle",24,1,,,,,,,
245505,OIE,47.57,8.03,Europe,Germany,Baden-Wuerttemberg,Murg,Exact,14-01-19,18-01-19,Confirmed,Bluetongue,8,"domestic, cattle",98,2,,,,,,,
245504,OIE,47.78,8.34,Europe,Germany,Baden-Wuerttemberg,Bonndorf im Schwarzwald,Exact,14-01-19,18-01-19,Confirmed,Bluetongue,8,"domestic, cattle",115,1,,,,,,,
245503,OIE,48.14,8,Europe,Germany,Baden-Wuerttemberg,Winden im Elztal,Exact,14-01-19,18-01-19,Confirmed,Bluetongue,8,"domestic, cattle",38,1,,,,,,,
245499,OIE,39.325,26.2036,Europe,Greece,Voreio Aigaio,LESVOS_1,Exact,14-01-19,21-01-19,Confirmed,Bluetongue,16,"domestic, cattle",30,,,,,,,,
245423,OIE,47.99,8.06,Europe,Germany,Baden-Wuerttemberg,Buchenbach,Exact,15-01-19,17-01-19,Confirmed,Bluetongue,8,"domestic, cattle",34,1,,,,,,,
245422,OIE,48,8.05,Europe,Germany,Baden-Wuerttemberg,St. Märgen,Exact,14-01-19,17-01-19,Confirmed,Bluetongue,8,"domestic, cattle",54,1,,,,,,,
245184,OIE,47.63,7.81,Europe,Germany,Baden-Wuerttemberg,Schopfheim,Exact,05-01-19,10-01-19,Confirmed,Bluetongue,8,"domestic, cattle",191,1,,,,,,,
245183,OIE,47.93,8.09,Europe,Germany,Baden-Wuerttemberg,Breitnau,Exact,05-01-19,10-01-19,Confirmed,Bluetongue,8,"domestic, cattle",56,1,,,,,,,
245182,OIE,47.89,7.88,Europe,Germany,Baden-Wuerttemberg,Oberried,Exact,05-01-19,10-01-19,Confirmed,Bluetongue,8,"domestic, cattle",46,1,,,,,,,
245181,OIE,47.95,7.81,Europe,Germany,Baden-Wuerttemberg,Au,Exact,05-01-19,10-01-19,Confirmed,Bluetongue,8,"domestic, cattle",668,1,,,,,,,
245180,OIE,47.97,8.08,Europe,Germany,Baden-Wuerttemberg,Buchenbach,Exact,05-01-19,10-01-19,Confirmed,Bluetongue,8,"domestic, cattle",42,1,,,,,,,
245179,OIE,47.99,7.95,Europe,Germany,Baden-Wuerttemberg,Stegen,Exact,05-01-19,10-01-19,Confirmed,Bluetongue,8,"domestic, cattle",129,2,,,,,,,
245178,OIE,47.98,7.97,Europe,Germany,Baden-Wuerttemberg,Stegen,Exact,31-12-18,10-01-19,Confirmed,Bluetongue,8,"domestic, cattle",59,1,,,,,,,
245177,OIE,48.01,7.99,Europe,Germany,Baden-Wuerttemberg,Stegen,Exact,31-12-18,10-01-19,Confirmed,Bluetongue,8,"domestic, cattle",60,1,,,,,,,
245176,OIE,47.71,7.9,Europe,Germany,Baden-Wuerttemberg,Häg-Ehrsberg,Exact,28-12-18,10-01-19,Confirmed,Bluetongue,8,"domestic, cattle",15,3,,,,,,,
245134,OIE,47.37,7.65,Europe,Switzerland,Basel-landschaft,Lauwil,Exact,28-12-18,08-01-19,Confirmed,Bluetongue,8,"domestic, cattle",23,8,,,,,,,
244966,OIE,36.8658,27.1403,Europe,Greece,Notio Aigaio,DODEKANISA 18/2018,Exact,20-12-18,03-01-19,Confirmed,Bluetongue,16,"domestic, cattle",30,1,0,0,0,,,,
244795,OIE,47.47,7.16,Europe,Switzerland,Jura,Bonfol,Exact,24-10-18,28-12-18,Confirmed,Bluetongue,8,"domestic, cattle",161,1,0,0,1,,,,
244794,OIE,47.42,7.17,Europe,Switzerland,Jura,Miécourt,Exact,19-10-18,28-12-18,Confirmed,Bluetongue,8,"domestic, cattle",41,2,0,0,2,,,,
244793,OIE,47.49,7.01,Europe,Switzerland,Jura,Boncourt,Exact,19-10-18,28-12-18,Confirmed,Bluetongue,8,"domestic, cattle",105,1,0,0,1,,,,
244792,OIE,47.32,7.45,Europe,Switzerland,Jura,Rebeuvelier,Exact,16-10-18,28-12-18,Confirmed,Bluetongue,8,"domestic, cattle",69,1,0,0,1,,,,
244791,OIE,47.35,7.19,Europe,Switzerland,Jura,Montmelon,Exact,16-10-18,28-12-18,Confirmed,Bluetongue,8,"domestic, cattle",53,1,0,0,1,,,,
244790,OIE,47.31,7.17,Europe,Switzerland,Jura,Saulcy,Exact,16-10-18,28-12-18,Confirmed,Bluetongue,8,"domestic, cattle",102,1,0,0,1,,,,
244789,OIE,47.28,7.14,Europe,Switzerland,Jura,Lajoux,Exact,16-10-18,28-12-18,Confirmed,Bluetongue,8,"domestic, cattle",76,1,0,0,1,,,,
244788,OIE,47.33,7.2,Europe,Switzerland,Jura,Glovelier,Exact,16-10-18,28-12-18,Confirmed,Bluetongue,8,"domestic, cattle",60,1,0,0,1,,,,
244787,OIE,47.34,7.07,Europe,Switzerland,Jura,Ocourt,Exact,16-10-18,28-12-18,Confirmed,Bluetongue,8,"domestic, cattle",51,1,0,0,1,,,,
244705,OIE,37.7853,26.7311,Europe,Greece,Voreio Aigaio,Samos 14,Unknown,07-12-18,21-12-18,Confirmed,Bluetongue,16,"domestic, cattle",1,1,0,0,0,,,,
244704,OIE,37.7789,26.7269,Europe,Greece,Voreio Aigaio,Samos 13,Unknown,07-12-18,21-12-18,Confirmed,Bluetongue,16,"domestic, cattle",13,2,0,0,0,,,,
244703,OIE,37.7981,26.7192,Europe,Greece,Voreio Aigaio,Samos 12,Unknown,07-12-18,21-12-18,Confirmed,Bluetongue,16,"domestic, cattle",9,1,0,0,0,,,,
244702,OIE,36.2578,28.1031,Europe,Greece,Notio Aigaio,Dodekanisa 10,Unknown,05-12-18,21-12-18,Confirmed,Bluetongue,16,"domestic, goat/sheep ",190,7,7,0,0,,,,
244701,OIE,36.8989,27.2561,Europe,Greece,Notio Aigaio,Dodekanisa 11,Unknown,29-11-18,21-12-18,Confirmed,Bluetongue,16,"domestic, cattle, domestic, sheep",55,1,0,0,0,,,,
244700,OIE,35.022579,33.910653,Asia,Cyprus,Famgusta,FRENAROS,Unknown,20-11-18,21-12-18,Confirmed,Bluetongue,4,"domestic, sheep",275,3,3,0,0,,,,
244699,OIE,35.058047,33.935095,Asia,Cyprus,Famgusta,DERYNEIA,Unknown,20-11-18,21-12-18,Confirmed,Bluetongue,4,"domestic, sheep",592,8,5,0,0,,,,
244698,OIE,35.050833,33.859518,Asia,Cyprus,Famgusta,AVGOROU,Unknown,20-11-18,21-12-18,Confirmed,Bluetongue,4,"domestic, sheep",350,4,4,0,0,,,,
244691,OIE,37.6961,26.9033,Europe,Greece,Voreio Aigaio,Samos 17,Unknown,07-12-18,20-12-18,Confirmed,Bluetongue,16,"domestic, cattle",34,6,0,0,0,,,,
244690,OIE,37.7072,26.9369,Europe,Greece,Voreio Aigaio,Samos 16,Unknown,07-12-18,20-12-18,Confirmed,Bluetongue,16,"domestic, cattle, domestic, goat/sheep ",81,7,0,0,0,,,,
244689,OIE,37.7197,26.9033,Europe,Greece,Voreio Aigaio,Samos 15,Unknown,07-12-18,20-12-18,Confirmed,Bluetongue,16,"domestic, cattle",52,5,0,0,0,,,,
244142,OIE,46.56,6.38,Europe,Switzerland,Vaud,Berolle,Exact,06-12-18,17-12-18,Confirmed,Bluetongue,8,"domestic, cattle",99,2,,,,,,,
244060,OIE,48.66,8.13,Europe,Germany,Baden-Wuerttemberg,Ottersweier,Exact,08-12-18,13-12-18,Confirmed,Bluetongue,8,"domestic, cattle",91,2,,,,,,,
243807,OIE,46.61,6.56,Europe,Switzerland,Vaud,Bournens,Exact,29-11-18,10-12-18,Confirmed,Bluetongue,8,"domestic, cattle",94,1,,,1,,,,
243806,OIE,47.42,7.28,Europe,Switzerland,Jura,Pleigne,Exact,14-11-18,10-12-18,Confirmed,Bluetongue,8,"domestic, cattle",259,3,,,3,,,,
243805,OIE,46.6,6.25,Europe,Switzerland,Vaud,Orient,Exact,09-11-18,10-12-18,Confirmed,Bluetongue,8,"domestic, cattle",150,1,,,1,,,,
243804,OIE,47.32,7.84,Europe,Switzerland,Solothurn,Kappel,Exact,30-10-18,10-12-18,Confirmed,Bluetongue,8,"domestic, cattle",69,1,,,1,,,,
243610,OIE,39.13285,8.4515,Europe,Italy,Sardegna,San Giovanni Suergiu,Exact,15-11-18,07-12-18,Confirmed,Bluetongue,3,"domestic, sheep",142,1,,,,,,,
243609,OIE,39.08819,8.67179,Europe,Italy,Sardegna,Piscinas,Exact,04-11-18,07-12-18,Confirmed,Bluetongue,3,"domestic, sheep",118,10,6,,,,,,
243608,OIE,39.000683,8.603317,Europe,Italy,Sardegna,Sant''Anna Arresi,Exact,30-10-18,07-12-18,Confirmed,Bluetongue,3,"domestic, sheep",503,2,1,,,,,,
243607,OIE,39.06572,8.60914,Europe,Italy,Sardegna,Giba,Exact,27-10-18,07-12-18,Confirmed,Bluetongue,3,"domestic, sheep",360,7,2,,,,,,
243606,OIE,39.06892,8.72618,Europe,Italy,Sardegna,Santadi,Exact,23-10-18,07-12-18,Confirmed,Bluetongue,3,"domestic, sheep",359,47,10,,,,,,
243605,OIE,39.06529,8.71794,Europe,Italy,Sardegna,Santadi,Exact,22-10-18,07-12-18,Confirmed,Bluetongue,3,"domestic, sheep",267,31,13,,,,,,
243604,OIE,39.09487,8.66472,Europe,Italy,Sardegna,Piscinas,Exact,22-10-18,07-12-18,Confirmed,Bluetongue,3,"domestic, sheep",468,20,5,,,,,,
243603,OIE,39.091933,8.744217,Europe,Italy,Sardegna,Santadi,Exact,19-10-18,07-12-18,Confirmed,Bluetongue,3,"domestic, sheep",363,40,18,,,,,,
243602,OIE,39.069183,8.731733,Europe,Italy,Sardegna,Santadi,Exact,19-10-18,07-12-18,Confirmed,Bluetongue,3,"domestic, sheep",323,44,10,,,,,,
243601,OIE,39.088415,8.747724,Europe,Italy,Sardegna,Santadi,Exact,16-10-18,07-12-18,Confirmed,Bluetongue,3,"domestic, sheep",15,2,1,,,,,,
243600,OIE,38.97414,8.71785,Europe,Italy,Sardegna,Teulada,Exact,11-10-18,07-12-18,Confirmed,Bluetongue,3,"domestic, sheep",360,21,16,,,,,,
243599,OIE,38.968565,8.730417,Europe,Italy,Sardegna,Teulada,Exact,08-10-18,07-12-18,Confirmed,Bluetongue,3,"domestic, sheep",400,1,,,,,,,
243598,OIE,39.01925,8.70876,Europe,Italy,Sardegna,Teulada,Exact,08-10-18,07-12-18,Confirmed,Bluetongue,3,"domestic, sheep",135,1,,,,,,,
243565,OIE,36.168713,27.912316,Europe,Greece,Notio Aigaio,Dodekanisou,Centroid Admin2,20-11-18,04-12-18,Confirmed,Bluetongue,16,"domestic, cattle, domestic, goat, domestic, sheep",382,1,,,,,0,,
243493,OIE,47.38,7.83,Europe,Switzerland,Basel-landschaft,Eptingen,Exact,15-11-18,04-12-18,Confirmed,Bluetongue,8,"domestic, cattle",19,1,,,1,,,,
243492,OIE,36.7994,27.0983,Europe,Greece,Notio Aigaio,DODEKANISA_8,Exact,09-11-18,04-12-18,Confirmed,Bluetongue,16,"domestic, cattle",81,1,,,,,,,
243120,OIE,46.97,7.69,Europe,Switzerland,Bern,Schwanden im Emmental,Exact,19-11-18,26-11-18,Confirmed,Bluetongue,8,"domestic, cattle",45,1,0,0,1,,,,
243119,OIE,47.23,7.83,Europe,Switzerland,Aargau,Roggwil,Exact,19-11-18,26-11-18,Confirmed,Bluetongue,8,"domestic, cattle",26,1,0,0,1,,,,
243118,OIE,47.45,8.25,Europe,Switzerland,Aargau,Mülligen,Exact,16-11-18,26-11-18,Confirmed,Bluetongue,8,"domestic, cattle",7,1,0,0,0,,,,
243117,OIE,46.94,8,Europe,Switzerland,Luzern,Schüpfheim,Exact,15-11-18,26-11-18,Confirmed,Bluetongue,8,"domestic, cattle",114,1,0,0,1,,,,
243116,OIE,47.38,7.51,Europe,Switzerland,Solothurn,Grindel,Exact,29-10-18,26-11-18,Confirmed,Bluetongue,8,"domestic, cattle",43,2,0,0,0,,,,
243115,OIE,47.41,7.32,Europe,Switzerland,Jura,Movelier,Exact,24-10-18,26-11-18,Confirmed,Bluetongue,8,"domestic, cattle",10,2,0,0,0,,,,
243114,OIE,47.41,7.54,Europe,Switzerland,Solothurn,Breitenbach,Exact,16-10-18,26-11-18,Confirmed,Bluetongue,8,"domestic, cattle",19,1,0,0,1,,,,
243113,OIE,47.41,7.6,Europe,Switzerland,Solothurn,Nunningen,Exact,16-10-18,26-11-18,Confirmed,Bluetongue,8,"domestic, cattle",101,1,0,0,1,,,,
243112,OIE,47.37,6.9,Europe,Switzerland,Jura,Damvant,Exact,16-10-18,26-11-18,Confirmed,Bluetongue,8,"domestic, cattle",104,1,0,0,0,,,,
243111,OIE,47.27,7.79,Europe,Switzerland,Solothurn,Wolfwil,Exact,16-10-18,26-11-18,Confirmed,Bluetongue,8,"domestic, cattle",59,1,0,0,1,,,,
243110,OIE,47.43,7.58,Europe,Switzerland,Solothurn,Himmelried,Exact,16-10-18,26-11-18,Confirmed,Bluetongue,8,"domestic, cattle",65,1,0,0,1,,,,
242860,OIE,46.91,7.88,Europe,Switzerland,Luzern,Wiggen,Exact,13-11-18,20-11-18,Confirmed,Bluetongue,8,"domestic, cattle",22,1,,,1,,,,
242859,OIE,46.94,7.96,Europe,Switzerland,Luzern,Escholzmatt,Exact,13-11-18,20-11-18,Confirmed,Bluetongue,8,"domestic, cattle",52,1,,,1,,,,
242858,OIE,46.86,8.06,Europe,Switzerland,Obwalden,Flühli,Exact,13-11-18,20-11-18,Confirmed,Bluetongue,8,"domestic, cattle",65,1,,,1,,,,
242857,OIE,46.87,7.86,Europe,Switzerland,Bern,Marbach,Exact,13-11-18,20-11-18,Confirmed,Bluetongue,8,"domestic, cattle",22,1,,,1,,,,
242856,OIE,47.25,8.45,Europe,Switzerland,Zurich,Mettmenstetten,Exact,13-11-18,20-11-18,Confirmed,Bluetongue,8,"domestic, cattle",3,1,,,1,,,,
242855,OIE,47.39,7.65,Europe,Switzerland,Basel-landschaft,Bretzwil,Exact,13-11-18,20-11-18,Confirmed,Bluetongue,8,"domestic, cattle",63,1,,,1,,,,
242854,OIE,46.77,9.8,Europe,Switzerland,Graubunden,Davos Frauenkirch,Exact,13-11-18,20-11-18,Confirmed,Bluetongue,8,"domestic, cattle",44,1,,,1,,,,
242853,OIE,47.46,7.57,Europe,Switzerland,Basel-landschaft,Aesch,Exact,13-11-18,20-11-18,Confirmed,Bluetongue,8,"domestic, cattle",67,1,,,1,,,,
242852,OIE,47.27,8.37,Europe,Switzerland,Aargau,Merenschwand,Exact,13-11-18,20-11-18,Confirmed,Bluetongue,8,"domestic, cattle",68,2,,,2,,,,
242851,OIE,46.69,9.17,Europe,Switzerland,Graubunden,Surcasti,Exact,13-11-18,20-11-18,Confirmed,Bluetongue,8,"domestic, cattle",116,1,,,1,,,,
242850,OIE,46.76,9.16,Europe,Switzerland,Graubunden,Flond,Exact,13-11-18,20-11-18,Confirmed,Bluetongue,8,"domestic, cattle",72,1,,,1,,,,
242849,OIE,46.73,6.38,Europe,Switzerland,Vaud,Vallorbe,Exact,09-11-18,20-11-18,Confirmed,Bluetongue,8,"domestic, cattle",28,3,,,,,,,
242848,OIE,46.73,6.51,Europe,Switzerland,Vaud,Montcherand,Exact,09-11-18,20-11-18,Confirmed,Bluetongue,8,"domestic, cattle",97,1,,,,,,,
242847,OIE,46.77,6.69,Europe,Switzerland,Vaud,Cuarny,Exact,09-11-18,20-11-18,Confirmed,Bluetongue,8,"domestic, cattle",99,1,,,,,,,
242846,OIE,47.08,7.96,Europe,Switzerland,Luzern,Hergiswil bei Willisau,Exact,08-11-18,20-11-18,Confirmed,Bluetongue,8,"domestic, cattle",20,1,,,,,,,
242845,OIE,47.11,8.24,Europe,Switzerland,Luzern,Rothenburg,Exact,08-11-18,20-11-18,Confirmed,Bluetongue,8,"domestic, cattle",45,1,,,1,,,,
242844,OIE,46.77,6.8,Europe,Switzerland,Vaud,Treytorrens,Exact,08-11-18,20-11-18,Confirmed,Bluetongue,8,"domestic, cattle",45,1,,,1,,,,
242843,OIE,47.38,7.8,Europe,Switzerland,Basel-landschaft,Eptingen,Exact,08-11-18,20-11-18,Confirmed,Bluetongue,8,"domestic, cattle",101,1,,,1,,,,
242842,OIE,47.42,7.48,Europe,Switzerland,Bern,Röschenz,Exact,07-11-18,20-11-18,Confirmed,Bluetongue,8,"domestic, sheep",80,1,,,,,,,
242832,OIE,34.742034,32.518352,Asia,Cyprus,Paphos,TIMI,Exact,12-11-18,19-11-18,Confirmed,Bluetongue,4,"domestic, goat/sheep ",239,1,,,,,,,
242831,OIE,34.78468,33.397015,Asia,Cyprus,Larnaca,AGIOS THEODOROS,Exact,12-11-18,19-11-18,Confirmed,Bluetongue,4,"domestic, sheep",587,7,1,,,,,,
242830,OIE,34.887809,33.575373,Asia,Cyprus,Larnaca,DROMOLAXIA,Exact,09-11-18,19-11-18,Confirmed,Bluetongue,4,"domestic, goat/sheep ",336,3,,,,,,,
242829,OIE,34.7321,32.579828,Asia,Cyprus,Paphos,NIKOKLEIA,Exact,07-11-18,19-11-18,Confirmed,Bluetongue,4,"domestic, goat/sheep ",1319,3,1,,,,,,
242828,OIE,34.739543,32.580785,Asia,Cyprus,Paphos,NIKOKLEIA,Exact,07-11-18,19-11-18,Confirmed,Bluetongue,4,"domestic, goat",731,1,,,,,,,
242827,OIE,35.058121,33.850186,Asia,Cyprus,Famgusta,AVGOROU,Exact,06-11-18,19-11-18,Confirmed,Bluetongue,4,"domestic, goat/sheep ",305,4,,,,,,,
242826,OIE,35.02998,33.864091,Asia,Cyprus,Famgusta,AVGOROU,Exact,06-11-18,19-11-18,Confirmed,Bluetongue,4,"domestic, goat/sheep ",677,4,,,,,,,
242825,OIE,35.051611,33.90501,Asia,Cyprus,Famgusta,FRENAROS,Exact,06-11-18,19-11-18,Confirmed,Bluetongue,4,"domestic, sheep",319,7,1,,,,,,
242824,OIE,35.048607,33.908793,Asia,Cyprus,Famgusta,FRENAROS,Exact,06-11-18,19-11-18,Confirmed,Bluetongue,4,"domestic, sheep",144,5,,,,,,,
242823,OIE,35.006567,33.819219,Asia,Cyprus,Famgusta,AVGOROU,Exact,06-11-18,19-11-18,Confirmed,Bluetongue,4,"domestic, sheep",82,4,,,,,,,
242725,OIE,37.3963,35.796901,Asia,Turkey,Adana,"Isikli, Kozan ",Exact,17-09-18,20-11-18,Confirmed,Bluetongue,"8, 4","domestic, sheep",214,23,11,0,0,,0,,
242620,OIE,35.577191,10.74083,Africa,Tunisia,Monastir,Mzaougha Nord,Exact,17-10-18,12-11-18,Confirmed,Bluetongue,2,"domestic, sheep",40,1,0,0,0,,,,
242619,OIE,35.711837,10.665353,Africa,Tunisia,Monastir,Ouerdanine nord,Exact,16-10-18,12-11-18,Confirmed,Bluetongue,2,"domestic, sheep",58,32,0,0,0,,,,
242618,OIE,35.543498,10.752319,Africa,Tunisia,Monastir,Zeramdine Sud,Exact,11-10-18,12-11-18,Confirmed,Bluetongue,2,"domestic, sheep",6,1,0,0,0,,,,
242617,OIE,35.142982,9.898342,Africa,Tunisia,Sidi Bouz,Elmamria,Exact,08-10-18,12-11-18,Confirmed,Bluetongue,2,"domestic, sheep",59,4,0,0,0,,,,
242616,OIE,35.099291,9.535151,Africa,Tunisia,Sidi Bouz,El Faiedh,Exact,08-10-18,12-11-18,Confirmed,Bluetongue,2,"domestic, sheep",21,1,0,0,0,,,,
242615,OIE,35.09908,9.536696,Africa,Tunisia,Sidi Bouz,El Amra,Exact,08-10-18,12-11-18,Confirmed,Bluetongue,2,"domestic, sheep",30,1,0,0,0,,,,
242614,OIE,35.100572,9.535089,Africa,Tunisia,Sidi Bouz,El Ogla,Exact,07-10-18,12-11-18,Confirmed,Bluetongue,2,"domestic, sheep",45,1,0,0,0,,,,
242613,OIE,35.170111,9.810741,Africa,Tunisia,Sidi Bouz,sidi lefi,Exact,06-10-18,12-11-18,Confirmed,Bluetongue,2,"domestic, sheep",45,13,0,0,0,,,,
242612,OIE,35.142979,9.898338,Africa,Tunisia,Sidi Bouz,Elmamria,Exact,04-10-18,12-11-18,Confirmed,Bluetongue,2,"domestic, sheep",43,2,0,0,0,,,,
242611,OIE,47.06,7.96,Europe,Switzerland,Luzern,Kaltacker,Exact,09-11-18,12-11-18,Confirmed,Bluetongue,8,"domestic, cattle",57,2,0,0,2,,,,
242610,OIE,46.97,7.68,Europe,Switzerland,Bern,Schwanden im Emmental,Exact,09-11-18,12-11-18,Confirmed,Bluetongue,8,"domestic, cattle",31,1,0,0,1,,,,
242609,OIE,47.08,7.61,Europe,Switzerland,Bern,Kirchberg,Exact,09-11-18,12-11-18,Confirmed,Bluetongue,8,"domestic, cattle",61,1,0,0,1,,,,
242608,OIE,47.15,7.77,Europe,Switzerland,Bern,Leimiswil,Exact,09-11-18,12-11-18,Confirmed,Bluetongue,8,"domestic, cattle",14,1,0,0,1,,,,
242607,OIE,47.06,7.6,Europe,Switzerland,Bern,Burgdorf,Exact,08-11-18,12-11-18,Confirmed,Bluetongue,8,"domestic, cattle",63,1,0,0,1,,,,
242606,OIE,47.13,6.92,Europe,Switzerland,Bern,La Ferrière,Exact,08-11-18,12-11-18,Confirmed,Bluetongue,8,"domestic, cattle",45,1,0,0,1,,,,
242605,OIE,47.09,6.84,Europe,Switzerland,Neuchatel,La Chaux-de-Fonds,Exact,08-11-18,12-11-18,Confirmed,Bluetongue,8,"domestic, cattle",88,1,0,0,1,,,,
242604,OIE,47.48,7.63,Europe,Switzerland,Solothurn,Dornach,Exact,02-11-18,12-11-18,Confirmed,Bluetongue,8,"domestic, cattle",43,1,0,1,0,,,,
242603,OIE,47.04,7.81,Europe,Switzerland,Bern,Wasen im Emmental,Exact,01-11-18,12-11-18,Confirmed,Bluetongue,8,"domestic, cattle",81,1,0,0,1,,,,
242602,OIE,46.9,7.75,Europe,Switzerland,Bern,Signau,Exact,01-11-18,12-11-18,Confirmed,Bluetongue,8,"domestic, cattle",30,1,0,0,1,,,,
242601,OIE,46.97,7.91,Europe,Switzerland,Bern,Fankhaus,Exact,31-10-18,12-11-18,Confirmed,Bluetongue,8,"domestic, cattle",27,10,0,0,0,,,,
242600,OIE,47.28,7.99,Europe,Switzerland,Aargau,Bottenwil,Exact,26-10-18,12-11-18,Confirmed,Bluetongue,8,"domestic, cattle",14,14,0,0,14,,,,
242599,OIE,47.55,8.05,Europe,Switzerland,Aargau,Laufenburg,Exact,26-10-18,12-11-18,Confirmed,Bluetongue,8,"domestic, cattle",45,1,0,0,1,,,,
242598,OIE,47.1,7.96,Europe,Switzerland,Luzern,Willisau,Exact,24-10-18,12-11-18,Confirmed,Bluetongue,8,"domestic, cattle",52,8,0,0,8,,,,
242597,OIE,47.47,8.77,Europe,Switzerland,Zurich,Winterthur,Exact,22-10-18,12-11-18,Confirmed,Bluetongue,8,"domestic, cattle",94,1,0,1,0,,,,
242406,OIE,37.5903,26.1614,Europe,Greece,Voreio Aigaio,Samos 6 (Ikaria),Exact,30-10-18,05-11-18,Confirmed,Bluetongue,16,"domestic, cattle, domestic, goat/sheep ",149,1,,,,,,,
242405,OIE,37.6781,26.3475,Europe,Greece,Voreio Aigaio,Samos 7,Exact,30-10-18,05-11-18,Confirmed,Bluetongue,16,"domestic, cattle, domestic, goat/sheep ",78,1,,,,,,,
242404,OIE,37.7078,26.9367,Europe,Greece,Voreio Aigaio,Samos 5,Exact,26-10-18,05-11-18,Confirmed,Bluetongue,16,"domestic, goat/sheep ",33,1,1,,,,,,
242403,OIE,47.45,7.52,Europe,Switzerland,Bern,Blauen,Exact,31-10-18,02-11-18,Confirmed,Bluetongue,8,"domestic, sheep",56,3,1,,,,,,
242402,OIE,47.34,7.73,Europe,Switzerland,Solothurn,Mümliswil,Exact,25-10-18,02-11-18,Confirmed,Bluetongue,8,"domestic, cattle",36,1,,,1,,,,
242401,OIE,47.42,7.39,Europe,Switzerland,Solothurn,Kleinlützel,Exact,25-10-18,02-11-18,Confirmed,Bluetongue,8,"domestic, cattle",101,1,,,1,,,,
242400,OIE,47.43,7.4,Europe,Switzerland,Solothurn,Kleinlützel,Exact,25-10-18,02-11-18,Confirmed,Bluetongue,8,"domestic, cattle",106,1,,,1,,,,
242399,OIE,47.03,6.76,Europe,Switzerland,Neuchatel,Le Locle,Exact,25-10-18,02-11-18,Confirmed,Bluetongue,8,"domestic, cattle",106,1,,,1,,,,
242398,OIE,47.4,7.62,Europe,Switzerland,Solothurn,Nunningen,Exact,25-10-18,02-11-18,Confirmed,Bluetongue,8,"domestic, cattle",57,1,,,1,,,,
242397,OIE,47.32,7.71,Europe,Switzerland,Solothurn,Balsthal,Exact,25-10-18,02-11-18,Confirmed,Bluetongue,8,"domestic, cattle",48,1,,,1,,,,
242396,OIE,47.49,7.89,Europe,Switzerland,Aargau,Tecknau,Exact,25-10-18,02-11-18,Confirmed,Bluetongue,8,"domestic, cattle",26,1,,,1,,,,
242395,OIE,47.39,7.51,Europe,Switzerland,Solothurn,Grindel,Exact,24-10-18,02-11-18,Confirmed,Bluetongue,8,"domestic, cattle",35,2,,,2,,,,
242394,OIE,46.96,8.01,Europe,Switzerland,Luzern,Schüpfheim,Exact,24-10-18,02-11-18,Confirmed,Bluetongue,8,"domestic, cattle",101,1,,,1,,,,
242393,OIE,46.92,7.79,Europe,Switzerland,Bern,Langnau im Emmental,Exact,18-10-18,02-11-18,Confirmed,Bluetongue,8,"domestic, cattle",5,1,,,1,,,,
242392,OIE,46.99,7.72,Europe,Switzerland,Bern,Rüderswil,Exact,18-10-18,02-11-18,Confirmed,Bluetongue,8,"domestic, cattle",145,1,,,1,,,,
242298,OIE,38.97898,8.63107,Europe,Italy,Sardegna,Sant''anna arresi,Exact,12-10-18,02-11-18,Confirmed,Bluetongue,3,"domestic, sheep",333,3,,,,,,,
241980,OIE,38.8217,-8.5539,Europe,Portugal,Santarem,CORUCHE,Exact,11-10-18,23-10-18,Confirmed,Bluetongue,4,"domestic, sheep",12,1,,,,,,,
241920,OIE,47.52,7.96,Europe,Switzerland,Aargau,Schupfart,Exact,12-10-18,22-10-18,Confirmed,Bluetongue,8,"domestic, sheep",50,1,0,0,0,,0,,
241318,OIE,47.48,7.15,Europe,Switzerland,Jura,Bonfol,Exact,05-10-18,15-10-18,Confirmed,Bluetongue,8,"domestic, cattle",150,38,0,0,0,,0,,
240907,OIE,39.01022,8.674,Europe,Italy,Sardegna,Teulada BTV3_2018_5_CA_75,Exact,02-10-18,05-10-18,Confirmed,Bluetongue,3,"domestic, sheep",130,25,,,,,0,,
240906,OIE,39.00745,8.6788,Europe,Italy,Sardegna,Teulada (BTV3_2018_3_CA_73),Exact,28-09-18,05-10-18,Confirmed,Bluetongue,3,"domestic, sheep",220,20,,,,,0,,
240905,OIE,38.970112,8.719327,Europe,Italy,Sardegna,Teulada (BTV3_2018_7_CA_77),Exact,27-09-18,05-10-18,Confirmed,Bluetongue,3,"domestic, sheep",16010,4,,,,,0,,
240904,OIE,38.97642,8.71122,Europe,Italy,Sardegna,Teulada (BTV3_2018_6_CA_76),Exact,27-09-18,05-10-18,Confirmed,Bluetongue,3,"domestic, goat",200,4,,,,,0,,
240903,OIE,38.98073,8.74669,Europe,Italy,Sardegna,Teulada BTV3_2018_4_CA_74 ,Exact,26-09-18,05-10-18,Confirmed,Bluetongue,3,"domestic, sheep",93,6,,,,,0,,
240902,OIE,38.9667,8.63664,Europe,Italy,Sardegna,Teulada BTV3_2018_2_CA_72,Exact,24-09-18,05-10-18,Confirmed,Bluetongue,3,"domestic, sheep",120,5,,,,,0,,
240901,OIE,38.982717,8.633403,Europe,Italy,Sardegna,Teulada BTV3_2018_1_CA_71,Exact,24-09-18,05-10-18,Confirmed,Bluetongue,3,"domestic, sheep",530,15,,,,,0,,
240900,OIE,38.98583,8.70178,Europe,Italy,Sardegna,Teulada BTV3_2018_8_CA_78,Exact,19-09-18,05-10-18,Confirmed,Bluetongue,3,"domestic, sheep",340,15,,,,,0,,
240051,OIE,47.33,7.07,Europe,Switzerland,Jura,Epiquerez,Exact,01-09-18,11-09-18,Confirmed,Bluetongue,8,"domestic, cattle",32,3,0,0,0,,0,,
238467,OIE,-0.339717,36.145454,Africa,Kenya,Rift Valley,Nakuru ,Exact,20-06-18,20-07-18,Confirmed,Bluetongue,Not specified,"domestic, sheep",150,15,0,0,0,,0,,
238466,OIE,-0.446747,36.230514,Africa,Kenya,Rift Valley,Gilgil ,Exact,20-06-18,20-07-18,Confirmed,Bluetongue,Not specified,"domestic, sheep",100,10,5,0,0,,0,,
238465,OIE,1.783145,36.772595,Africa,Kenya,Rift Valley, Samburu Central ,Exact,20-06-18,20-07-18,Confirmed,Bluetongue,Not specified,"domestic, sheep",350,64,0,0,0,,,,
236835,OIE,37.5878,26.2297,Europe,Greece,Voreio Aigaio,SAMOS 4,Exact,07-05-18,21-05-18,Confirmed,Bluetongue,16,"domestic, cattle, domestic, goat/sheep ",33,1,0,0,0,,0,,
236834,OIE,37.6783,26.3347,Europe,Greece,Voreio Aigaio,SAMOS 3,Exact,03-05-18,21-05-18,Confirmed,Bluetongue,16,"domestic, cattle, domestic, goat/sheep ",78,1,0,0,0,,0,,
234603,OIE,46.292944,6.408431,Europe,France,Rhone-Alpes,LULLY,Exact,04-01-18,09-01-18,Confirmed,Bluetongue,4,"domestic, cattle",26,5,,,,,,,
234602,OIE,46.369298,6.637168,Europe,France,Rhone-Alpes,SAINT PAUL EN CHABLAIS,Exact,04-01-18,09-01-18,Confirmed,Bluetongue,4,"domestic, cattle",8,1,,,,,,,
234601,OIE,46.312687,6.500756,Europe,France,Rhone-Alpes,ORCIER,Exact,02-01-18,09-01-18,Confirmed,Bluetongue,4,"domestic, sheep",27,1,,,,,,,
234600,OIE,46.331311,6.42297,Europe,France,Rhone-Alpes,MARGENCEL,Exact,02-01-18,09-01-18,Confirmed,Bluetongue,4,"domestic, cattle",36,1,,,,,,,
234599,OIE,46.305883,6.434861,Europe,France,Rhone-Alpes,PERRIGNIER,Exact,02-01-18,09-01-18,Confirmed,Bluetongue,4,"domestic, cattle",197,2,,,,,,,
234598,OIE,46.370289,6.588579,Europe,France,Rhone-Alpes,LARRINGES,Exact,02-01-18,09-01-18,Confirmed,Bluetongue,4,"domestic, cattle",88,2,,,,,,,
234597,OIE,45.992555,6.288299,Europe,France,Rhone-Alpes,FILLIERE,Exact,02-01-18,09-01-18,Confirmed,Bluetongue,4,"domestic, cattle",170,3,,,,,,,
234596,OIE,46.050003,5.859209,Europe,France,Rhone-Alpes,CHENE EN SEMINE,Exact,02-01-18,09-01-18,Confirmed,Bluetongue,4,"domestic, cattle",23,1,,,,,,,
234595,OIE,46.279447,6.510775,Europe,France,Rhone-Alpes,LULLIN,Exact,02-01-18,09-01-18,Confirmed,Bluetongue,4,"domestic, cattle",11,1,,,,,,,
233610,OIE,37.72,26.9436,Europe,Greece,Voreio Aigaio, SAMOS 2018/2 ,Unknown,04-01-18,26-01-18,Confirmed,Bluetongue,16,"domestic, cattle",51,1,0,0,,,0,,
233250,OIE,36.8986,27.2692,Europe,Greece,Notio Aigaio,DODEKANISA 1/2018,Centroid Admin2,08-01-18,18-01-18,Confirmed,Bluetongue,16,"domestic, cattle",62,1,1,,,,0,,
